{
  "version": 2,
  "builds": [
    {
      "src": "package.json",
      "use": "@vercel/static-build",
      "config": {
        "distDir": "build"
      }
    }
  ],
  "rewrites": [
    {
      "source": "/api/:path*",
      "destination": "https://uncoverlearning-deploy.onrender.com/api/:path*"
    },
    {
      "source": "/((?!api/|static/|favicon.ico|manifest.json|_next/).*)",
      "destination": "/index.html"
    }
  ],
  "headers": [
    {
      "source": "/static/(.*)",
      "headers": [{ "key": "cache-control", "value": "public, max-age=31536000, immutable" }]
    },
    {
      "source": "/api/:path*",
      "headers": [
        { "key": "Access-Control-Allow-Origin", "value": "*" },
        { "key": "Access-Control-Allow-Methods", "value": "GET, POST, PUT, DELETE, OPTIONS" },
        { "key": "Access-Control-Allow-Headers", "value": "X-Requested-With, Content-Type, Accept" }
      ]
    },
    {
      "source": "/(.*)",
      "headers": [
        { "key": "X-Content-Type-Options", "value": "nosniff" },
        { "key": "X-Frame-Options", "value": "DENY" },
        { "key": "X-XSS-Protection", "value": "1; mode=block" }
      ]
    }
  ]
} 